Combinations,Absolute Error,Root Mean Square Error
['H-index'],0.6913701516672339,0.47799268661637406
['Total Docs'],0.6509318865532582,0.4237123209317838
['Total Docs-3yrs'],0.725,0.525625
['Total refs'],0.6575546087066267,0.432378063431325
['Total cites-3yrs'],0.725,0.525625
['Citable Docs-3 yrs'],0.725,0.525625
"['cites,doc 2 yrs']",0.725,0.525625
['ref/docs'],0.725,0.525625
"['SJR', 'H-index']",0.6913701516672339,0.47799268661637406
"['SJR', 'Total Docs']",0.6509318865532582,0.4237123209317838
"['SJR', 'Total Docs-3yrs']",0.725,0.525625
"['SJR', 'Total refs']",0.6575546087066267,0.432378063431325
"['SJR', 'Total cites-3yrs']",0.725,0.525625
"['SJR', 'Citable Docs-3 yrs']",0.725,0.525625
"['SJR', 'cites,doc 2 yrs']",0.725,0.525625
"['SJR', 'ref/docs']",0.725,0.525625
"['H-index', 'Total Docs']",0.6883936979515799,0.47388588337945103
"['H-index', 'Total Docs-3yrs']",0.6896065427570045,0.4755571838132683
"['H-index', 'Total refs']",0.6877107298601695,0.472946047964807
"['H-index', 'Total cites-3yrs']",0.6930045940632146,0.4802553673927208
"['H-index', 'Citable Docs-3 yrs']",0.6892804675970353,0.47510756301078766
"['H-index', 'cites,doc 2 yrs']",0.7204638051657967,0.5190680945539791
"['H-index', 'ref/docs']",0.6974031463099188,0.4863711484829741
"['Total Docs', 'Total Docs-3yrs']",0.7141753411726397,0.5100464179390564
"['Total Docs', 'Total refs']",0.6593493394135759,0.4347415513851189
"['Total Docs', 'Total cites-3yrs']",0.7169152862462053,0.5139675276534784
"['Total Docs', 'Citable Docs-3 yrs']",0.7069150453636565,0.49972888136150045
"['Total Docs', 'cites,doc 2 yrs']",0.7170709207551036,0.5141907053925721
"['Total Docs', 'ref/docs']",0.6866870837436737,0.4715391509803912
"['Total Docs-3yrs', 'Total refs']",0.7489119371464362,0.5608690896004277
"['Total Docs-3yrs', 'Total cites-3yrs']",0.725,0.525625
"['Total Docs-3yrs', 'Citable Docs-3 yrs']",0.725,0.525625
"['Total Docs-3yrs', 'cites,doc 2 yrs']",0.725,0.525625
"['Total Docs-3yrs', 'ref/docs']",0.725,0.525625
"['Total refs', 'Total cites-3yrs']",0.7385893240843305,0.5455141896513482
"['Total refs', 'Citable Docs-3 yrs']",0.7452503326899875,0.555398058374537
"['Total refs', 'cites,doc 2 yrs']",0.7189945338942293,0.5169531397697801
"['Total refs', 'ref/docs']",0.6918548244203588,0.47866309807372553
"['Total cites-3yrs', 'Citable Docs-3 yrs']",0.725,0.525625
"['Total cites-3yrs', 'cites,doc 2 yrs']",0.725,0.525625
"['Total cites-3yrs', 'ref/docs']",0.725,0.525625
"['Citable Docs-3 yrs', 'cites,doc 2 yrs']",0.725,0.525625
"['Citable Docs-3 yrs', 'ref/docs']",0.725,0.525625
"['cites,doc 2 yrs', 'ref/docs']",0.725,0.525625
"['SJR', 'H-index', 'Total Docs']",0.6883936979515799,0.47388588337945103
"['SJR', 'H-index', 'Total Docs-3yrs']",0.6896065427570045,0.4755571838132683
"['SJR', 'H-index', 'Total refs']",0.6877107298601695,0.472946047964807
"['SJR', 'H-index', 'Total cites-3yrs']",0.6930045940632146,0.4802553673927208
"['SJR', 'H-index', 'Citable Docs-3 yrs']",0.6892804675970353,0.47510756301078766
"['SJR', 'H-index', 'cites,doc 2 yrs']",0.7204638051657967,0.5190680945539791
"['SJR', 'H-index', 'ref/docs']",0.6974031463099188,0.4863711484829741
"['SJR', 'Total Docs', 'Total Docs-3yrs']",0.7141753411726397,0.5100464179390564
"['SJR', 'Total Docs', 'Total refs']",0.6593493394135759,0.4347415513851189
"['SJR', 'Total Docs', 'Total cites-3yrs']",0.7169152862462053,0.5139675276534784
"['SJR', 'Total Docs', 'Citable Docs-3 yrs']",0.7069150453636565,0.49972888136150045
"['SJR', 'Total Docs', 'cites,doc 2 yrs']",0.7170709207551036,0.5141907053925721
"['SJR', 'Total Docs', 'ref/docs']",0.6866870837436737,0.4715391509803912
"['SJR', 'Total Docs-3yrs', 'Total refs']",0.7489119371464362,0.5608690896004277
"['SJR', 'Total Docs-3yrs', 'Total cites-3yrs']",0.725,0.525625
"['SJR', 'Total Docs-3yrs', 'Citable Docs-3 yrs']",0.725,0.525625
"['SJR', 'Total Docs-3yrs', 'cites,doc 2 yrs']",0.725,0.525625
"['SJR', 'Total Docs-3yrs', 'ref/docs']",0.725,0.525625
"['SJR', 'Total refs', 'Total cites-3yrs']",0.7385893240843305,0.5455141896513482
"['SJR', 'Total refs', 'Citable Docs-3 yrs']",0.7452503326899875,0.555398058374537
"['SJR', 'Total refs', 'cites,doc 2 yrs']",0.7189945338942293,0.5169531397697801
"['SJR', 'Total refs', 'ref/docs']",0.6918548244203588,0.47866309807372553
"['SJR', 'Total cites-3yrs', 'Citable Docs-3 yrs']",0.725,0.525625
"['SJR', 'Total cites-3yrs', 'cites,doc 2 yrs']",0.725,0.525625
"['SJR', 'Total cites-3yrs', 'ref/docs']",0.725,0.525625
"['SJR', 'Citable Docs-3 yrs', 'cites,doc 2 yrs']",0.725,0.525625
"['SJR', 'Citable Docs-3 yrs', 'ref/docs']",0.725,0.525625
"['SJR', 'cites,doc 2 yrs', 'ref/docs']",0.725,0.525625
"['H-index', 'Total Docs', 'Total Docs-3yrs']",0.6600645896892404,0.4356852625616253
"['H-index', 'Total Docs', 'Total refs']",0.6877307313380839,0.4729735588268158
"['H-index', 'Total Docs', 'Total cites-3yrs']",0.6944970524727261,0.48232615589330446
"['H-index', 'Total Docs', 'Citable Docs-3 yrs']",0.6561693874405274,0.430558265014077
"['H-index', 'Total Docs', 'cites,doc 2 yrs']",0.7173938596040444,0.5146539497975874
"['H-index', 'Total Docs', 'ref/docs']",0.6953370524689347,0.4834936165361861
"['H-index', 'Total Docs-3yrs', 'Total refs']",0.6611398315257518,0.43710587682989954
"['H-index', 'Total Docs-3yrs', 'Total cites-3yrs']",0.691257922362444,0.47783751522884266
"['H-index', 'Total Docs-3yrs', 'Citable Docs-3 yrs']",0.6908448752486656,0.4772666416573443
"['H-index', 'Total Docs-3yrs', 'cites,doc 2 yrs']",0.7214315198171565,0.5204634377856923
"['H-index', 'Total Docs-3yrs', 'ref/docs']",0.6955435367756265,0.48378081155034736
"['H-index', 'Total refs', 'Total cites-3yrs']",0.6932894238825803,0.4806502252674401
"['H-index', 'Total refs', 'Citable Docs-3 yrs']",0.6569652813180098,0.43160338085725175
"['H-index', 'Total refs', 'cites,doc 2 yrs']",0.7183447863719183,0.516019232107717
"['H-index', 'Total refs', 'ref/docs']",0.6942647553148165,0.48200355047234195
"['H-index', 'Total cites-3yrs', 'Citable Docs-3 yrs']",0.6912449641226481,0.4778196004249211
"['H-index', 'Total cites-3yrs', 'cites,doc 2 yrs']",0.7205955197672897,0.5192579031086905
"['H-index', 'Total cites-3yrs', 'ref/docs']",0.7008414940600064,0.491178799796262
"['H-index', 'Citable Docs-3 yrs', 'cites,doc 2 yrs']",0.7213528781150326,0.520349974764841
"['H-index', 'Citable Docs-3 yrs', 'ref/docs']",0.6952454644065336,0.4833662557778565
"['H-index', 'cites,doc 2 yrs', 'ref/docs']",0.723931194273309,0.5240763740419795
"['Total Docs', 'Total Docs-3yrs', 'Total refs']",0.7284419159094866,0.5306276248538835
"['Total Docs', 'Total Docs-3yrs', 'Total cites-3yrs']",0.7160240197611353,0.5126903968748946
"['Total Docs', 'Total Docs-3yrs', 'Citable Docs-3 yrs']",0.7104304080239723,0.5047113646451077
"['Total Docs', 'Total Docs-3yrs', 'cites,doc 2 yrs']",0.7246350005348625,0.5250958840001602
"['Total Docs', 'Total Docs-3yrs', 'ref/docs']",0.7121637968385754,0.5071772735275357
"['Total Docs', 'Total refs', 'Total cites-3yrs']",0.7271776474273878,0.5287873309180303
"['Total Docs', 'Total refs', 'Citable Docs-3 yrs']",0.7221315734618228,0.521474009390448
"['Total Docs', 'Total refs', 'cites,doc 2 yrs']",0.7182810772533205,0.5159277059401906
"['Total Docs', 'Total refs', 'ref/docs']",0.6895077027571141,0.4754208721613929
"['Total Docs', 'Total cites-3yrs', 'Citable Docs-3 yrs']",0.7082597502951802,0.501631873888191
"['Total Docs', 'Total cites-3yrs', 'cites,doc 2 yrs']",0.7176245784869576,0.5149850356485836
"['Total Docs', 'Total cites-3yrs', 'ref/docs']",0.7424963982183761,0.5513009013672613
"['Total Docs', 'Citable Docs-3 yrs', 'cites,doc 2 yrs']",0.7239830104269166,0.5241513993868209
"['Total Docs', 'Citable Docs-3 yrs', 'ref/docs']",0.7071165424099923,0.5000138045498624
"['Total Docs', 'cites,doc 2 yrs', 'ref/docs']",0.7215248542612642,0.5205981153167386
"['Total Docs-3yrs', 'Total refs', 'Total cites-3yrs']",0.7477545435235353,0.5591368573600907
"['Total Docs-3yrs', 'Total refs', 'Citable Docs-3 yrs']",0.739295694950965,0.5465581245730303
"['Total Docs-3yrs', 'Total refs', 'cites,doc 2 yrs']",0.7298615417153628,0.5326978700751263
"['Total Docs-3yrs', 'Total refs', 'ref/docs']",0.7302467217149708,0.5332602745754621
"['Total Docs-3yrs', 'Total cites-3yrs', 'Citable Docs-3 yrs']",0.725,0.525625
"['Total Docs-3yrs', 'Total cites-3yrs', 'cites,doc 2 yrs']",0.725,0.525625
"['Total Docs-3yrs', 'Total cites-3yrs', 'ref/docs']",0.725,0.525625
"['Total Docs-3yrs', 'Citable Docs-3 yrs', 'cites,doc 2 yrs']",0.725,0.525625
"['Total Docs-3yrs', 'Citable Docs-3 yrs', 'ref/docs']",0.725,0.525625
"['Total Docs-3yrs', 'cites,doc 2 yrs', 'ref/docs']",0.725,0.525625
"['Total refs', 'Total cites-3yrs', 'Citable Docs-3 yrs']",0.7423982948795117,0.5511552282400064
"['Total refs', 'Total cites-3yrs', 'cites,doc 2 yrs']",0.7222925921588881,0.5217065886876058
"['Total refs', 'Total cites-3yrs', 'ref/docs']",0.7475942357536028,0.5588971413320135
"['Total refs', 'Citable Docs-3 yrs', 'cites,doc 2 yrs']",0.7295496154433039,0.5322426413934725
"['Total refs', 'Citable Docs-3 yrs', 'ref/docs']",0.7269306365755241,0.5284281503920968
"['Total refs', 'cites,doc 2 yrs', 'ref/docs']",0.7224130180973016,0.5218805687164523
"['Total cites-3yrs', 'Citable Docs-3 yrs', 'cites,doc 2 yrs']",0.725,0.525625
"['Total cites-3yrs', 'Citable Docs-3 yrs', 'ref/docs']",0.725,0.525625
"['Total cites-3yrs', 'cites,doc 2 yrs', 'ref/docs']",0.725,0.525625
"['Citable Docs-3 yrs', 'cites,doc 2 yrs', 'ref/docs']",0.725,0.525625
"['SJR', 'H-index', 'Total Docs', 'Total Docs-3yrs']",0.6600645896892404,0.4356852625616253
"['SJR', 'H-index', 'Total Docs', 'Total refs']",0.6877307313380839,0.4729735588268158
"['SJR', 'H-index', 'Total Docs', 'Total cites-3yrs']",0.6944970524727261,0.48232615589330446
"['SJR', 'H-index', 'Total Docs', 'Citable Docs-3 yrs']",0.6561693874405274,0.430558265014077
"['SJR', 'H-index', 'Total Docs', 'cites,doc 2 yrs']",0.7173938596040444,0.5146539497975874
"['SJR', 'H-index', 'Total Docs', 'ref/docs']",0.6953370524689347,0.4834936165361861
"['SJR', 'H-index', 'Total Docs-3yrs', 'Total refs']",0.6611398315257518,0.43710587682989954
"['SJR', 'H-index', 'Total Docs-3yrs', 'Total cites-3yrs']",0.691257922362444,0.47783751522884266
"['SJR', 'H-index', 'Total Docs-3yrs', 'Citable Docs-3 yrs']",0.6908448752486656,0.4772666416573443
"['SJR', 'H-index', 'Total Docs-3yrs', 'cites,doc 2 yrs']",0.7214315198171565,0.5204634377856923
"['SJR', 'H-index', 'Total Docs-3yrs', 'ref/docs']",0.6955435367756265,0.48378081155034736
"['SJR', 'H-index', 'Total refs', 'Total cites-3yrs']",0.6932894238825803,0.4806502252674401
"['SJR', 'H-index', 'Total refs', 'Citable Docs-3 yrs']",0.6569652813180098,0.43160338085725175
"['SJR', 'H-index', 'Total refs', 'cites,doc 2 yrs']",0.7183447863719183,0.516019232107717
"['SJR', 'H-index', 'Total refs', 'ref/docs']",0.6942647553148165,0.48200355047234195
"['SJR', 'H-index', 'Total cites-3yrs', 'Citable Docs-3 yrs']",0.6912449641226481,0.4778196004249211
"['SJR', 'H-index', 'Total cites-3yrs', 'cites,doc 2 yrs']",0.7205955197672897,0.5192579031086905
"['SJR', 'H-index', 'Total cites-3yrs', 'ref/docs']",0.7008414940600064,0.491178799796262
"['SJR', 'H-index', 'Citable Docs-3 yrs', 'cites,doc 2 yrs']",0.7213528781150326,0.520349974764841
"['SJR', 'H-index', 'Citable Docs-3 yrs', 'ref/docs']",0.6952454644065336,0.4833662557778565
"['SJR', 'H-index', 'cites,doc 2 yrs', 'ref/docs']",0.723931194273309,0.5240763740419795
"['SJR', 'Total Docs', 'Total Docs-3yrs', 'Total refs']",0.7284419159094866,0.5306276248538835
"['SJR', 'Total Docs', 'Total Docs-3yrs', 'Total cites-3yrs']",0.7160240197611353,0.5126903968748946
"['SJR', 'Total Docs', 'Total Docs-3yrs', 'Citable Docs-3 yrs']",0.7104304080239723,0.5047113646451077
"['SJR', 'Total Docs', 'Total Docs-3yrs', 'cites,doc 2 yrs']",0.7246350005348625,0.5250958840001602
"['SJR', 'Total Docs', 'Total Docs-3yrs', 'ref/docs']",0.7121637968385754,0.5071772735275357
"['SJR', 'Total Docs', 'Total refs', 'Total cites-3yrs']",0.7271776474273878,0.5287873309180303
"['SJR', 'Total Docs', 'Total refs', 'Citable Docs-3 yrs']",0.7221315734618228,0.521474009390448
"['SJR', 'Total Docs', 'Total refs', 'cites,doc 2 yrs']",0.7182810772533205,0.5159277059401906
"['SJR', 'Total Docs', 'Total refs', 'ref/docs']",0.6895077027571141,0.4754208721613929
"['SJR', 'Total Docs', 'Total cites-3yrs', 'Citable Docs-3 yrs']",0.7082597502951802,0.501631873888191
"['SJR', 'Total Docs', 'Total cites-3yrs', 'cites,doc 2 yrs']",0.7176245784869576,0.5149850356485836
"['SJR', 'Total Docs', 'Total cites-3yrs', 'ref/docs']",0.7424963982183761,0.5513009013672613
"['SJR', 'Total Docs', 'Citable Docs-3 yrs', 'cites,doc 2 yrs']",0.7239830104269166,0.5241513993868209
"['SJR', 'Total Docs', 'Citable Docs-3 yrs', 'ref/docs']",0.7071165424099923,0.5000138045498624
"['SJR', 'Total Docs', 'cites,doc 2 yrs', 'ref/docs']",0.7215248542612642,0.5205981153167386
"['SJR', 'Total Docs-3yrs', 'Total refs', 'Total cites-3yrs']",0.7477545435235353,0.5591368573600907
"['SJR', 'Total Docs-3yrs', 'Total refs', 'Citable Docs-3 yrs']",0.739295694950965,0.5465581245730303
"['SJR', 'Total Docs-3yrs', 'Total refs', 'cites,doc 2 yrs']",0.7298615417153628,0.5326978700751263
"['SJR', 'Total Docs-3yrs', 'Total refs', 'ref/docs']",0.7302467217149708,0.5332602745754621
"['SJR', 'Total Docs-3yrs', 'Total cites-3yrs', 'Citable Docs-3 yrs']",0.725,0.525625
"['SJR', 'Total Docs-3yrs', 'Total cites-3yrs', 'cites,doc 2 yrs']",0.725,0.525625
"['SJR', 'Total Docs-3yrs', 'Total cites-3yrs', 'ref/docs']",0.725,0.525625
"['SJR', 'Total Docs-3yrs', 'Citable Docs-3 yrs', 'cites,doc 2 yrs']",0.725,0.525625
"['SJR', 'Total Docs-3yrs', 'Citable Docs-3 yrs', 'ref/docs']",0.725,0.525625
"['SJR', 'Total Docs-3yrs', 'cites,doc 2 yrs', 'ref/docs']",0.725,0.525625
"['SJR', 'Total refs', 'Total cites-3yrs', 'Citable Docs-3 yrs']",0.7423982948795117,0.5511552282400064
"['SJR', 'Total refs', 'Total cites-3yrs', 'cites,doc 2 yrs']",0.7222925921588881,0.5217065886876058
"['SJR', 'Total refs', 'Total cites-3yrs', 'ref/docs']",0.7475942357536028,0.5588971413320135
"['SJR', 'Total refs', 'Citable Docs-3 yrs', 'cites,doc 2 yrs']",0.7295496154433039,0.5322426413934725
"['SJR', 'Total refs', 'Citable Docs-3 yrs', 'ref/docs']",0.7269306365755241,0.5284281503920968
"['SJR', 'Total refs', 'cites,doc 2 yrs', 'ref/docs']",0.7224130180973016,0.5218805687164523
"['SJR', 'Total cites-3yrs', 'Citable Docs-3 yrs', 'cites,doc 2 yrs']",0.725,0.525625
"['SJR', 'Total cites-3yrs', 'Citable Docs-3 yrs', 'ref/docs']",0.725,0.525625
"['SJR', 'Total cites-3yrs', 'cites,doc 2 yrs', 'ref/docs']",0.725,0.525625
"['SJR', 'Citable Docs-3 yrs', 'cites,doc 2 yrs', 'ref/docs']",0.725,0.525625
"['H-index', 'Total Docs', 'Total Docs-3yrs', 'Total refs']",0.6551813238713337,0.4292625671497934
"['H-index', 'Total Docs', 'Total Docs-3yrs', 'Total cites-3yrs']",0.6633561590200152,0.44004139370978773
"['H-index', 'Total Docs', 'Total Docs-3yrs', 'Citable Docs-3 yrs']",0.6598657064088262,0.43542275049441925
"['H-index', 'Total Docs', 'Total Docs-3yrs', 'cites,doc 2 yrs']",0.7185231482603708,0.5162755145859947
"['H-index', 'Total Docs', 'Total Docs-3yrs', 'ref/docs']",0.668037784797501,0.44627448191715224
"['H-index', 'Total Docs', 'Total refs', 'Total cites-3yrs']",0.6939111315186345,0.48151265844547164
"['H-index', 'Total Docs', 'Total refs', 'Citable Docs-3 yrs']",0.6504062415839107,0.4230282790913084
"['H-index', 'Total Docs', 'Total refs', 'cites,doc 2 yrs']",0.7180535655853842,0.5156009230498837
"['H-index', 'Total Docs', 'Total refs', 'ref/docs']",0.6944246658522967,0.48222561654407387
"['H-index', 'Total Docs', 'Total cites-3yrs', 'Citable Docs-3 yrs']",0.6595076601580954,0.4349503538072058
"['H-index', 'Total Docs', 'Total cites-3yrs', 'cites,doc 2 yrs']",0.714629738842973,0.5106956636387757
"['H-index', 'Total Docs', 'Total cites-3yrs', 'ref/docs']",0.7120219072623375,0.5069751964214967
"['H-index', 'Total Docs', 'Citable Docs-3 yrs', 'cites,doc 2 yrs']",0.7177164943144941,0.5151169662110873
"['H-index', 'Total Docs', 'Citable Docs-3 yrs', 'ref/docs']",0.6643794509925829,0.4414000549012059
"['H-index', 'Total Docs', 'cites,doc 2 yrs', 'ref/docs']",0.7214469708364071,0.5204857317290276
"['H-index', 'Total Docs-3yrs', 'Total refs', 'Total cites-3yrs']",0.664625026672455,0.4417264260793616
"['H-index', 'Total Docs-3yrs', 'Total refs', 'Citable Docs-3 yrs']",0.6576849378615889,0.43254947749000205
"['H-index', 'Total Docs-3yrs', 'Total refs', 'cites,doc 2 yrs']",0.7225382773962694,0.5220615623027683
"['H-index', 'Total Docs-3yrs', 'Total refs', 'ref/docs']",0.6676322575827549,0.445732831365046
"['H-index', 'Total Docs-3yrs', 'Total cites-3yrs', 'Citable Docs-3 yrs']",0.69313215705427,0.4804321871427052
"['H-index', 'Total Docs-3yrs', 'Total cites-3yrs', 'cites,doc 2 yrs']",0.7214164744262742,0.5204417295736351
"['H-index', 'Total Docs-3yrs', 'Total cites-3yrs', 'ref/docs']",0.7005835902563826,0.490817366936523
"['H-index', 'Total Docs-3yrs', 'Citable Docs-3 yrs', 'cites,doc 2 yrs']",0.7214495495818024,0.5204894525917856
"['H-index', 'Total Docs-3yrs', 'Citable Docs-3 yrs', 'ref/docs']",0.6964474744437231,0.4850390846590404
"['H-index', 'Total Docs-3yrs', 'cites,doc 2 yrs', 'ref/docs']",0.7247377663345757,0.52524482995163
"['H-index', 'Total refs', 'Total cites-3yrs', 'Citable Docs-3 yrs']",0.6602952141453728,0.4359897698232838
"['H-index', 'Total refs', 'Total cites-3yrs', 'cites,doc 2 yrs']",0.7169397097054342,0.5140025473525123
"['H-index', 'Total refs', 'Total cites-3yrs', 'ref/docs']",0.7092534924058556,0.503040516489903
"['H-index', 'Total refs', 'Citable Docs-3 yrs', 'cites,doc 2 yrs']",0.7218545874400233,0.5210740454082062
"['H-index', 'Total refs', 'Citable Docs-3 yrs', 'ref/docs']",0.6637229944907163,0.44052821341572335
"['H-index', 'Total refs', 'cites,doc 2 yrs', 'ref/docs']",0.7221332918514565,0.5214764912002208
"['H-index', 'Total cites-3yrs', 'Citable Docs-3 yrs', 'cites,doc 2 yrs']",0.7213463639460806,0.5203405767782314
"['H-index', 'Total cites-3yrs', 'Citable Docs-3 yrs', 'ref/docs']",0.7008714971347937,0.4912208554959671
"['H-index', 'Total cites-3yrs', 'cites,doc 2 yrs', 'ref/docs']",0.7250133333602753,0.5256443335501777
"['H-index', 'Citable Docs-3 yrs', 'cites,doc 2 yrs', 'ref/docs']",0.7246776841908836,0.5251577459642621
"['Total Docs', 'Total Docs-3yrs', 'Total refs', 'Total cites-3yrs']",0.729197392895958,0.5317288378062621
"['Total Docs', 'Total Docs-3yrs', 'Total refs', 'Citable Docs-3 yrs']",0.7217196603859242,0.5208792681875737
"['Total Docs', 'Total Docs-3yrs', 'Total refs', 'cites,doc 2 yrs']",0.7269978803571693,0.528525918043817
"['Total Docs', 'Total Docs-3yrs', 'Total refs', 'ref/docs']",0.7185267198762073,0.5162806471760617
"['Total Docs', 'Total Docs-3yrs', 'Total cites-3yrs', 'Citable Docs-3 yrs']",0.7119004379410135,0.5068022335406068
"['Total Docs', 'Total Docs-3yrs', 'Total cites-3yrs', 'cites,doc 2 yrs']",0.724563433688254,0.5249921694381129
"['Total Docs', 'Total Docs-3yrs', 'Total cites-3yrs', 'ref/docs']",0.7143331644935864,0.5102718698954212
"['Total Docs', 'Total Docs-3yrs', 'Citable Docs-3 yrs', 'cites,doc 2 yrs']",0.7242009245982324,0.5244669791889347
"['Total Docs', 'Total Docs-3yrs', 'Citable Docs-3 yrs', 'ref/docs']",0.7095526797693964,0.5034650053679316
"['Total Docs', 'Total Docs-3yrs', 'cites,doc 2 yrs', 'ref/docs']",0.7234357117276636,0.5233592290029112
"['Total Docs', 'Total refs', 'Total cites-3yrs', 'Citable Docs-3 yrs']",0.7217001175033121,0.5208510596042945
"['Total Docs', 'Total refs', 'Total cites-3yrs', 'cites,doc 2 yrs']",0.719219856050858,0.517277201337817
"['Total Docs', 'Total refs', 'Total cites-3yrs', 'ref/docs']",0.7468250968371091,0.5577477252657573
"['Total Docs', 'Total refs', 'Citable Docs-3 yrs', 'cites,doc 2 yrs']",0.7264611221445265,0.5277457619874847
"['Total Docs', 'Total refs', 'Citable Docs-3 yrs', 'ref/docs']",0.71362463546462,0.5092601203420117
"['Total Docs', 'Total refs', 'cites,doc 2 yrs', 'ref/docs']",0.7219976834426769,0.5212806548965919
"['Total Docs', 'Total cites-3yrs', 'Citable Docs-3 yrs', 'cites,doc 2 yrs']",0.724035717993424,0.524227720930253
"['Total Docs', 'Total cites-3yrs', 'Citable Docs-3 yrs', 'ref/docs']",0.7087957732518757,0.5023914481797244
"['Total Docs', 'Total cites-3yrs', 'cites,doc 2 yrs', 'ref/docs']",0.7245595279833302,0.5249865095914263
"['Total Docs', 'Citable Docs-3 yrs', 'cites,doc 2 yrs', 'ref/docs']",0.7229324664523392,0.5226313510508626
"['Total Docs-3yrs', 'Total refs', 'Total cites-3yrs', 'Citable Docs-3 yrs']",0.7361936718544895,0.5419811224785958
"['Total Docs-3yrs', 'Total refs', 'Total cites-3yrs', 'cites,doc 2 yrs']",0.7297931485929545,0.5325980397332182
"['Total Docs-3yrs', 'Total refs', 'Total cites-3yrs', 'ref/docs']",0.7267779705486992,0.5282062184748859
"['Total Docs-3yrs', 'Total refs', 'Citable Docs-3 yrs', 'cites,doc 2 yrs']",0.7290851986867445,0.5315652269440897
"['Total Docs-3yrs', 'Total refs', 'Citable Docs-3 yrs', 'ref/docs']",0.7238140232516936,0.5239067402558033
"['Total Docs-3yrs', 'Total refs', 'cites,doc 2 yrs', 'ref/docs']",0.7260744634529503,0.5271841264784898
"['Total Docs-3yrs', 'Total cites-3yrs', 'Citable Docs-3 yrs', 'cites,doc 2 yrs']",0.725,0.525625
"['Total Docs-3yrs', 'Total cites-3yrs', 'Citable Docs-3 yrs', 'ref/docs']",0.725,0.525625
"['Total Docs-3yrs', 'Total cites-3yrs', 'cites,doc 2 yrs', 'ref/docs']",0.725,0.525625
"['Total Docs-3yrs', 'Citable Docs-3 yrs', 'cites,doc 2 yrs', 'ref/docs']",0.725,0.525625
"['Total refs', 'Total cites-3yrs', 'Citable Docs-3 yrs', 'cites,doc 2 yrs']",0.729628365751117,0.5323575521086458
"['Total refs', 'Total cites-3yrs', 'Citable Docs-3 yrs', 'ref/docs']",0.721529332674228,0.5206045779093168
"['Total refs', 'Total cites-3yrs', 'cites,doc 2 yrs', 'ref/docs']",0.7261401442296231,0.5272795090618179
"['Total refs', 'Citable Docs-3 yrs', 'cites,doc 2 yrs', 'ref/docs']",0.725741843635521,0.5267012236034849
"['Total cites-3yrs', 'Citable Docs-3 yrs', 'cites,doc 2 yrs', 'ref/docs']",0.725,0.525625
"['SJR', 'H-index', 'Total Docs', 'Total Docs-3yrs', 'Total refs']",0.6551813238713337,0.4292625671497934
"['SJR', 'H-index', 'Total Docs', 'Total Docs-3yrs', 'Total cites-3yrs']",0.6633561590200152,0.44004139370978773
"['SJR', 'H-index', 'Total Docs', 'Total Docs-3yrs', 'Citable Docs-3 yrs']",0.6598657064088262,0.43542275049441925
"['SJR', 'H-index', 'Total Docs', 'Total Docs-3yrs', 'cites,doc 2 yrs']",0.7185231482603708,0.5162755145859947
"['SJR', 'H-index', 'Total Docs', 'Total Docs-3yrs', 'ref/docs']",0.668037784797501,0.44627448191715224
"['SJR', 'H-index', 'Total Docs', 'Total refs', 'Total cites-3yrs']",0.6939111315186345,0.48151265844547164
"['SJR', 'H-index', 'Total Docs', 'Total refs', 'Citable Docs-3 yrs']",0.6504062415839107,0.4230282790913084
"['SJR', 'H-index', 'Total Docs', 'Total refs', 'cites,doc 2 yrs']",0.7180535655853842,0.5156009230498837
"['SJR', 'H-index', 'Total Docs', 'Total refs', 'ref/docs']",0.6944246658522967,0.48222561654407387
"['SJR', 'H-index', 'Total Docs', 'Total cites-3yrs', 'Citable Docs-3 yrs']",0.6595076601580954,0.4349503538072058
"['SJR', 'H-index', 'Total Docs', 'Total cites-3yrs', 'cites,doc 2 yrs']",0.714629738842973,0.5106956636387757
"['SJR', 'H-index', 'Total Docs', 'Total cites-3yrs', 'ref/docs']",0.7120219072623375,0.5069751964214967
"['SJR', 'H-index', 'Total Docs', 'Citable Docs-3 yrs', 'cites,doc 2 yrs']",0.7177164943144941,0.5151169662110873
"['SJR', 'H-index', 'Total Docs', 'Citable Docs-3 yrs', 'ref/docs']",0.6643794509925829,0.4414000549012059
"['SJR', 'H-index', 'Total Docs', 'cites,doc 2 yrs', 'ref/docs']",0.7214469708364071,0.5204857317290276
"['SJR', 'H-index', 'Total Docs-3yrs', 'Total refs', 'Total cites-3yrs']",0.664625026672455,0.4417264260793616
"['SJR', 'H-index', 'Total Docs-3yrs', 'Total refs', 'Citable Docs-3 yrs']",0.6576849378615889,0.43254947749000205
"['SJR', 'H-index', 'Total Docs-3yrs', 'Total refs', 'cites,doc 2 yrs']",0.7225382773962694,0.5220615623027683
"['SJR', 'H-index', 'Total Docs-3yrs', 'Total refs', 'ref/docs']",0.6676322575827549,0.445732831365046
"['SJR', 'H-index', 'Total Docs-3yrs', 'Total cites-3yrs', 'Citable Docs-3 yrs']",0.69313215705427,0.4804321871427052
"['SJR', 'H-index', 'Total Docs-3yrs', 'Total cites-3yrs', 'cites,doc 2 yrs']",0.7214164744262742,0.5204417295736351
"['SJR', 'H-index', 'Total Docs-3yrs', 'Total cites-3yrs', 'ref/docs']",0.7005835902563826,0.490817366936523
"['SJR', 'H-index', 'Total Docs-3yrs', 'Citable Docs-3 yrs', 'cites,doc 2 yrs']",0.7214495495818024,0.5204894525917856
"['SJR', 'H-index', 'Total Docs-3yrs', 'Citable Docs-3 yrs', 'ref/docs']",0.6964474744437231,0.4850390846590404
"['SJR', 'H-index', 'Total Docs-3yrs', 'cites,doc 2 yrs', 'ref/docs']",0.7247377663345757,0.52524482995163
"['SJR', 'H-index', 'Total refs', 'Total cites-3yrs', 'Citable Docs-3 yrs']",0.6602952141453728,0.4359897698232838
"['SJR', 'H-index', 'Total refs', 'Total cites-3yrs', 'cites,doc 2 yrs']",0.7169397097054342,0.5140025473525123
"['SJR', 'H-index', 'Total refs', 'Total cites-3yrs', 'ref/docs']",0.7092534924058556,0.503040516489903
"['SJR', 'H-index', 'Total refs', 'Citable Docs-3 yrs', 'cites,doc 2 yrs']",0.7218545874400233,0.5210740454082062
"['SJR', 'H-index', 'Total refs', 'Citable Docs-3 yrs', 'ref/docs']",0.6637229944907163,0.44052821341572335
"['SJR', 'H-index', 'Total refs', 'cites,doc 2 yrs', 'ref/docs']",0.7221332918514565,0.5214764912002208
"['SJR', 'H-index', 'Total cites-3yrs', 'Citable Docs-3 yrs', 'cites,doc 2 yrs']",0.7213463639460806,0.5203405767782314
"['SJR', 'H-index', 'Total cites-3yrs', 'Citable Docs-3 yrs', 'ref/docs']",0.7008714971347937,0.4912208554959671
"['SJR', 'H-index', 'Total cites-3yrs', 'cites,doc 2 yrs', 'ref/docs']",0.7250133333602753,0.5256443335501777
"['SJR', 'H-index', 'Citable Docs-3 yrs', 'cites,doc 2 yrs', 'ref/docs']",0.7246776841908836,0.5251577459642621
"['SJR', 'Total Docs', 'Total Docs-3yrs', 'Total refs', 'Total cites-3yrs']",0.729197392895958,0.5317288378062621
"['SJR', 'Total Docs', 'Total Docs-3yrs', 'Total refs', 'Citable Docs-3 yrs']",0.7217196603859242,0.5208792681875737
"['SJR', 'Total Docs', 'Total Docs-3yrs', 'Total refs', 'cites,doc 2 yrs']",0.7269978803571693,0.528525918043817
"['SJR', 'Total Docs', 'Total Docs-3yrs', 'Total refs', 'ref/docs']",0.7185267198762073,0.5162806471760617
"['SJR', 'Total Docs', 'Total Docs-3yrs', 'Total cites-3yrs', 'Citable Docs-3 yrs']",0.7119004379410135,0.5068022335406068
"['SJR', 'Total Docs', 'Total Docs-3yrs', 'Total cites-3yrs', 'cites,doc 2 yrs']",0.724563433688254,0.5249921694381129
"['SJR', 'Total Docs', 'Total Docs-3yrs', 'Total cites-3yrs', 'ref/docs']",0.7143331644935864,0.5102718698954212
"['SJR', 'Total Docs', 'Total Docs-3yrs', 'Citable Docs-3 yrs', 'cites,doc 2 yrs']",0.7242009245982324,0.5244669791889347
"['SJR', 'Total Docs', 'Total Docs-3yrs', 'Citable Docs-3 yrs', 'ref/docs']",0.7095526797693964,0.5034650053679316
"['SJR', 'Total Docs', 'Total Docs-3yrs', 'cites,doc 2 yrs', 'ref/docs']",0.7234357117276636,0.5233592290029112
"['SJR', 'Total Docs', 'Total refs', 'Total cites-3yrs', 'Citable Docs-3 yrs']",0.7217001175033121,0.5208510596042945
"['SJR', 'Total Docs', 'Total refs', 'Total cites-3yrs', 'cites,doc 2 yrs']",0.719219856050858,0.517277201337817
"['SJR', 'Total Docs', 'Total refs', 'Total cites-3yrs', 'ref/docs']",0.7468250968371091,0.5577477252657573
"['SJR', 'Total Docs', 'Total refs', 'Citable Docs-3 yrs', 'cites,doc 2 yrs']",0.7264611221445265,0.5277457619874847
"['SJR', 'Total Docs', 'Total refs', 'Citable Docs-3 yrs', 'ref/docs']",0.71362463546462,0.5092601203420117
"['SJR', 'Total Docs', 'Total refs', 'cites,doc 2 yrs', 'ref/docs']",0.7219976834426769,0.5212806548965919
"['SJR', 'Total Docs', 'Total cites-3yrs', 'Citable Docs-3 yrs', 'cites,doc 2 yrs']",0.724035717993424,0.524227720930253
"['SJR', 'Total Docs', 'Total cites-3yrs', 'Citable Docs-3 yrs', 'ref/docs']",0.7087957732518757,0.5023914481797244
"['SJR', 'Total Docs', 'Total cites-3yrs', 'cites,doc 2 yrs', 'ref/docs']",0.7245595279833302,0.5249865095914263
"['SJR', 'Total Docs', 'Citable Docs-3 yrs', 'cites,doc 2 yrs', 'ref/docs']",0.7229324664523392,0.5226313510508626
"['SJR', 'Total Docs-3yrs', 'Total refs', 'Total cites-3yrs', 'Citable Docs-3 yrs']",0.7361936718544895,0.5419811224785958
"['SJR', 'Total Docs-3yrs', 'Total refs', 'Total cites-3yrs', 'cites,doc 2 yrs']",0.7297931485929545,0.5325980397332182
"['SJR', 'Total Docs-3yrs', 'Total refs', 'Total cites-3yrs', 'ref/docs']",0.7267779705486992,0.5282062184748859
"['SJR', 'Total Docs-3yrs', 'Total refs', 'Citable Docs-3 yrs', 'cites,doc 2 yrs']",0.7290851986867445,0.5315652269440897
"['SJR', 'Total Docs-3yrs', 'Total refs', 'Citable Docs-3 yrs', 'ref/docs']",0.7238140232516936,0.5239067402558033
"['SJR', 'Total Docs-3yrs', 'Total refs', 'cites,doc 2 yrs', 'ref/docs']",0.7260744634529503,0.5271841264784898
"['SJR', 'Total Docs-3yrs', 'Total cites-3yrs', 'Citable Docs-3 yrs', 'cites,doc 2 yrs']",0.725,0.525625
"['SJR', 'Total Docs-3yrs', 'Total cites-3yrs', 'Citable Docs-3 yrs', 'ref/docs']",0.725,0.525625
"['SJR', 'Total Docs-3yrs', 'Total cites-3yrs', 'cites,doc 2 yrs', 'ref/docs']",0.725,0.525625
"['SJR', 'Total Docs-3yrs', 'Citable Docs-3 yrs', 'cites,doc 2 yrs', 'ref/docs']",0.725,0.525625
"['SJR', 'Total refs', 'Total cites-3yrs', 'Citable Docs-3 yrs', 'cites,doc 2 yrs']",0.729628365751117,0.5323575521086458
"['SJR', 'Total refs', 'Total cites-3yrs', 'Citable Docs-3 yrs', 'ref/docs']",0.721529332674228,0.5206045779093168
"['SJR', 'Total refs', 'Total cites-3yrs', 'cites,doc 2 yrs', 'ref/docs']",0.7261401442296231,0.5272795090618179
"['SJR', 'Total refs', 'Citable Docs-3 yrs', 'cites,doc 2 yrs', 'ref/docs']",0.725741843635521,0.5267012236034849
"['SJR', 'Total cites-3yrs', 'Citable Docs-3 yrs', 'cites,doc 2 yrs', 'ref/docs']",0.725,0.525625
"['H-index', 'Total Docs', 'Total Docs-3yrs', 'Total refs', 'Total cites-3yrs']",0.6588739172072767,0.43411483877606133
"['H-index', 'Total Docs', 'Total Docs-3yrs', 'Total refs', 'Citable Docs-3 yrs']",0.6528526293016605,0.4262165555860914
"['H-index', 'Total Docs', 'Total Docs-3yrs', 'Total refs', 'cites,doc 2 yrs']",0.7203126073722671,0.5188502523394338
"['H-index', 'Total Docs', 'Total Docs-3yrs', 'Total refs', 'ref/docs']",0.6626982173892121,0.4391689273308394
"['H-index', 'Total Docs', 'Total Docs-3yrs', 'Total cites-3yrs', 'Citable Docs-3 yrs']",0.6638854150673416,0.4407438443391364
"['H-index', 'Total Docs', 'Total Docs-3yrs', 'Total cites-3yrs', 'cites,doc 2 yrs']",0.718418466583289,0.5161250931278843
"['H-index', 'Total Docs', 'Total Docs-3yrs', 'Total cites-3yrs', 'ref/docs']",0.6766012377371291,0.4577892349074151
"['H-index', 'Total Docs', 'Total Docs-3yrs', 'Citable Docs-3 yrs', 'cites,doc 2 yrs']",0.7180859802208654,0.5156474749897612
"['H-index', 'Total Docs', 'Total Docs-3yrs', 'Citable Docs-3 yrs', 'ref/docs']",0.6674925075770509,0.44554624767149936
"['H-index', 'Total Docs', 'Total Docs-3yrs', 'cites,doc 2 yrs', 'ref/docs']",0.7228745031113422,0.5225475472484699
"['H-index', 'Total Docs', 'Total refs', 'Total cites-3yrs', 'Citable Docs-3 yrs']",0.6539889038284105,0.4277014863306859
"['H-index', 'Total Docs', 'Total refs', 'Total cites-3yrs', 'cites,doc 2 yrs']",0.7154450562213094,0.5118616284715125
"['H-index', 'Total Docs', 'Total refs', 'Total cites-3yrs', 'ref/docs']",0.7116767637244484,0.5064838160253045
"['H-index', 'Total Docs', 'Total refs', 'Citable Docs-3 yrs', 'cites,doc 2 yrs']",0.7194836430086515,0.5176567125570007
"['H-index', 'Total Docs', 'Total refs', 'Citable Docs-3 yrs', 'ref/docs']",0.6581975394120932,0.43322400088813406
"['H-index', 'Total Docs', 'Total refs', 'cites,doc 2 yrs', 'ref/docs']",0.7218880169789116,0.5211223090577454
"['H-index', 'Total Docs', 'Total cites-3yrs', 'Citable Docs-3 yrs', 'cites,doc 2 yrs']",0.7177625775060225,0.5151831176680889
"['H-index', 'Total Docs', 'Total cites-3yrs', 'Citable Docs-3 yrs', 'ref/docs']",0.6731811562848842,0.4531728691770536
"['H-index', 'Total Docs', 'Total cites-3yrs', 'cites,doc 2 yrs', 'ref/docs']",0.7245682413793864,0.5249991364156167
"['H-index', 'Total Docs', 'Citable Docs-3 yrs', 'cites,doc 2 yrs', 'ref/docs']",0.722231924835403,0.5216189532514512
"['H-index', 'Total Docs-3yrs', 'Total refs', 'Total cites-3yrs', 'Citable Docs-3 yrs']",0.6613686810236225,0.43740853223892606
"['H-index', 'Total Docs-3yrs', 'Total refs', 'Total cites-3yrs', 'cites,doc 2 yrs']",0.7224173014106948,0.5218867573775107
"['H-index', 'Total Docs-3yrs', 'Total refs', 'Total cites-3yrs', 'ref/docs']",0.6758740841025186,0.4568057775614184
"['H-index', 'Total Docs-3yrs', 'Total refs', 'Citable Docs-3 yrs', 'cites,doc 2 yrs']",0.7215495068775256,0.5206336908752004
"['H-index', 'Total Docs-3yrs', 'Total refs', 'Citable Docs-3 yrs', 'ref/docs']",0.664101428814374,0.441030707753293
"['H-index', 'Total Docs-3yrs', 'Total refs', 'cites,doc 2 yrs', 'ref/docs']",0.7257262731084876,0.5266786234799351
"['H-index', 'Total Docs-3yrs', 'Total cites-3yrs', 'Citable Docs-3 yrs', 'cites,doc 2 yrs']",0.7214334800301472,0.5204662661084087
"['H-index', 'Total Docs-3yrs', 'Total cites-3yrs', 'Citable Docs-3 yrs', 'ref/docs']",0.7024711399770857,0.49346570250070626
"['H-index', 'Total Docs-3yrs', 'Total cites-3yrs', 'cites,doc 2 yrs', 'ref/docs']",0.7249550923698974,0.5255598859530465
"['H-index', 'Total Docs-3yrs', 'Citable Docs-3 yrs', 'cites,doc 2 yrs', 'ref/docs']",0.724729290356824,0.5252325443011057
"['H-index', 'Total refs', 'Total cites-3yrs', 'Citable Docs-3 yrs', 'cites,doc 2 yrs']",0.7219354265359215,0.5211907600876029
"['H-index', 'Total refs', 'Total cites-3yrs', 'Citable Docs-3 yrs', 'ref/docs']",0.67182650854309,0.4513508575811986
"['H-index', 'Total refs', 'Total cites-3yrs', 'cites,doc 2 yrs', 'ref/docs']",0.7262531637326036,0.527443657831616
"['H-index', 'Total refs', 'Citable Docs-3 yrs', 'cites,doc 2 yrs', 'ref/docs']",0.7251890880161945,0.5258992133777599
"['H-index', 'Total cites-3yrs', 'Citable Docs-3 yrs', 'cites,doc 2 yrs', 'ref/docs']",0.7249183012466702,0.5255065434823581
"['Total Docs', 'Total Docs-3yrs', 'Total refs', 'Total cites-3yrs', 'Citable Docs-3 yrs']",0.7212576483226139,0.5202125952638673
"['Total Docs', 'Total Docs-3yrs', 'Total refs', 'Total cites-3yrs', 'cites,doc 2 yrs']",0.7269155862091974,0.528406269473861
"['Total Docs', 'Total Docs-3yrs', 'Total refs', 'Total cites-3yrs', 'ref/docs']",0.7183932717555732,0.5160888929036769
"['Total Docs', 'Total Docs-3yrs', 'Total refs', 'Citable Docs-3 yrs', 'cites,doc 2 yrs']",0.7263919407091896,0.5276452515272627
"['Total Docs', 'Total Docs-3yrs', 'Total refs', 'Citable Docs-3 yrs', 'ref/docs']",0.7137876986264006,0.5094928787103733
"['Total Docs', 'Total Docs-3yrs', 'Total refs', 'cites,doc 2 yrs', 'ref/docs']",0.7244123569342662,0.5247732628790587
"['Total Docs', 'Total Docs-3yrs', 'Total cites-3yrs', 'Citable Docs-3 yrs', 'cites,doc 2 yrs']",0.7242254509212166,0.5245025037620396
"['Total Docs', 'Total Docs-3yrs', 'Total cites-3yrs', 'Citable Docs-3 yrs', 'ref/docs']",0.7112420550150218,0.5058652608219913
"['Total Docs', 'Total Docs-3yrs', 'Total cites-3yrs', 'cites,doc 2 yrs', 'ref/docs']",0.7234299924296449,0.5233509539467561
"['Total Docs', 'Total Docs-3yrs', 'Citable Docs-3 yrs', 'cites,doc 2 yrs', 'ref/docs']",0.7230999660907893,0.5228735609605006
"['Total Docs', 'Total refs', 'Total cites-3yrs', 'Citable Docs-3 yrs', 'cites,doc 2 yrs']",0.726536252593913,0.5278549263332061
"['Total Docs', 'Total refs', 'Total cites-3yrs', 'Citable Docs-3 yrs', 'ref/docs']",0.7121490485098407,0.5071562672934715
"['Total Docs', 'Total refs', 'Total cites-3yrs', 'cites,doc 2 yrs', 'ref/docs']",0.7252631524228427,0.5260066402623195
"['Total Docs', 'Total refs', 'Citable Docs-3 yrs', 'cites,doc 2 yrs', 'ref/docs']",0.7239291854121748,0.5240734654915349
"['Total Docs', 'Total cites-3yrs', 'Citable Docs-3 yrs', 'cites,doc 2 yrs', 'ref/docs']",0.7228180503533459,0.5224659339166121
"['Total Docs-3yrs', 'Total refs', 'Total cites-3yrs', 'Citable Docs-3 yrs', 'cites,doc 2 yrs']",0.7292000646088587,0.5317327342255637
"['Total Docs-3yrs', 'Total refs', 'Total cites-3yrs', 'Citable Docs-3 yrs', 'ref/docs']",0.7183717614446733,0.5160579876411227
"['Total Docs-3yrs', 'Total refs', 'Total cites-3yrs', 'cites,doc 2 yrs', 'ref/docs']",0.7259286539951996,0.5269724106912822
"['Total Docs-3yrs', 'Total refs', 'Citable Docs-3 yrs', 'cites,doc 2 yrs', 'ref/docs']",0.7254241816695535,0.5262402433509413
"['Total Docs-3yrs', 'Total cites-3yrs', 'Citable Docs-3 yrs', 'cites,doc 2 yrs', 'ref/docs']",0.725,0.525625
"['Total refs', 'Total cites-3yrs', 'Citable Docs-3 yrs', 'cites,doc 2 yrs', 'ref/docs']",0.7254356209091414,0.5262568400838314
"['SJR', 'H-index', 'Total Docs', 'Total Docs-3yrs', 'Total refs', 'Total cites-3yrs']",0.6588739172072767,0.43411483877606133
"['SJR', 'H-index', 'Total Docs', 'Total Docs-3yrs', 'Total refs', 'Citable Docs-3 yrs']",0.6528526293016605,0.4262165555860914
"['SJR', 'H-index', 'Total Docs', 'Total Docs-3yrs', 'Total refs', 'cites,doc 2 yrs']",0.7203126073722671,0.5188502523394338
"['SJR', 'H-index', 'Total Docs', 'Total Docs-3yrs', 'Total refs', 'ref/docs']",0.6626982173892121,0.4391689273308394
"['SJR', 'H-index', 'Total Docs', 'Total Docs-3yrs', 'Total cites-3yrs', 'Citable Docs-3 yrs']",0.6638854150673416,0.4407438443391364
"['SJR', 'H-index', 'Total Docs', 'Total Docs-3yrs', 'Total cites-3yrs', 'cites,doc 2 yrs']",0.718418466583289,0.5161250931278843
"['SJR', 'H-index', 'Total Docs', 'Total Docs-3yrs', 'Total cites-3yrs', 'ref/docs']",0.6766012377371291,0.4577892349074151
"['SJR', 'H-index', 'Total Docs', 'Total Docs-3yrs', 'Citable Docs-3 yrs', 'cites,doc 2 yrs']",0.7180859802208654,0.5156474749897612
"['SJR', 'H-index', 'Total Docs', 'Total Docs-3yrs', 'Citable Docs-3 yrs', 'ref/docs']",0.6674925075770509,0.44554624767149936
"['SJR', 'H-index', 'Total Docs', 'Total Docs-3yrs', 'cites,doc 2 yrs', 'ref/docs']",0.7228745031113422,0.5225475472484699
"['SJR', 'H-index', 'Total Docs', 'Total refs', 'Total cites-3yrs', 'Citable Docs-3 yrs']",0.6539889038284105,0.4277014863306859
"['SJR', 'H-index', 'Total Docs', 'Total refs', 'Total cites-3yrs', 'cites,doc 2 yrs']",0.7154450562213094,0.5118616284715125
"['SJR', 'H-index', 'Total Docs', 'Total refs', 'Total cites-3yrs', 'ref/docs']",0.7116767637244484,0.5064838160253045
"['SJR', 'H-index', 'Total Docs', 'Total refs', 'Citable Docs-3 yrs', 'cites,doc 2 yrs']",0.7194836430086515,0.5176567125570007
"['SJR', 'H-index', 'Total Docs', 'Total refs', 'Citable Docs-3 yrs', 'ref/docs']",0.6581975394120932,0.43322400088813406
"['SJR', 'H-index', 'Total Docs', 'Total refs', 'cites,doc 2 yrs', 'ref/docs']",0.7218880169789116,0.5211223090577454
"['SJR', 'H-index', 'Total Docs', 'Total cites-3yrs', 'Citable Docs-3 yrs', 'cites,doc 2 yrs']",0.7177625775060225,0.5151831176680889
"['SJR', 'H-index', 'Total Docs', 'Total cites-3yrs', 'Citable Docs-3 yrs', 'ref/docs']",0.6731811562848842,0.4531728691770536
"['SJR', 'H-index', 'Total Docs', 'Total cites-3yrs', 'cites,doc 2 yrs', 'ref/docs']",0.7245682413793864,0.5249991364156167
"['SJR', 'H-index', 'Total Docs', 'Citable Docs-3 yrs', 'cites,doc 2 yrs', 'ref/docs']",0.722231924835403,0.5216189532514512
"['SJR', 'H-index', 'Total Docs-3yrs', 'Total refs', 'Total cites-3yrs', 'Citable Docs-3 yrs']",0.6613686810236225,0.43740853223892606
"['SJR', 'H-index', 'Total Docs-3yrs', 'Total refs', 'Total cites-3yrs', 'cites,doc 2 yrs']",0.7224173014106948,0.5218867573775107
"['SJR', 'H-index', 'Total Docs-3yrs', 'Total refs', 'Total cites-3yrs', 'ref/docs']",0.6758740841025186,0.4568057775614184
"['SJR', 'H-index', 'Total Docs-3yrs', 'Total refs', 'Citable Docs-3 yrs', 'cites,doc 2 yrs']",0.7215495068775256,0.5206336908752004
"['SJR', 'H-index', 'Total Docs-3yrs', 'Total refs', 'Citable Docs-3 yrs', 'ref/docs']",0.664101428814374,0.441030707753293
"['SJR', 'H-index', 'Total Docs-3yrs', 'Total refs', 'cites,doc 2 yrs', 'ref/docs']",0.7257262731084876,0.5266786234799351
"['SJR', 'H-index', 'Total Docs-3yrs', 'Total cites-3yrs', 'Citable Docs-3 yrs', 'cites,doc 2 yrs']",0.7214334800301472,0.5204662661084087
"['SJR', 'H-index', 'Total Docs-3yrs', 'Total cites-3yrs', 'Citable Docs-3 yrs', 'ref/docs']",0.7024711399770857,0.49346570250070626
"['SJR', 'H-index', 'Total Docs-3yrs', 'Total cites-3yrs', 'cites,doc 2 yrs', 'ref/docs']",0.7249550923698974,0.5255598859530465
"['SJR', 'H-index', 'Total Docs-3yrs', 'Citable Docs-3 yrs', 'cites,doc 2 yrs', 'ref/docs']",0.724729290356824,0.5252325443011057
"['SJR', 'H-index', 'Total refs', 'Total cites-3yrs', 'Citable Docs-3 yrs', 'cites,doc 2 yrs']",0.7219354265359215,0.5211907600876029
"['SJR', 'H-index', 'Total refs', 'Total cites-3yrs', 'Citable Docs-3 yrs', 'ref/docs']",0.67182650854309,0.4513508575811986
"['SJR', 'H-index', 'Total refs', 'Total cites-3yrs', 'cites,doc 2 yrs', 'ref/docs']",0.7262531637326036,0.527443657831616
"['SJR', 'H-index', 'Total refs', 'Citable Docs-3 yrs', 'cites,doc 2 yrs', 'ref/docs']",0.7251890880161945,0.5258992133777599
"['SJR', 'H-index', 'Total cites-3yrs', 'Citable Docs-3 yrs', 'cites,doc 2 yrs', 'ref/docs']",0.7249183012466702,0.5255065434823581
"['SJR', 'Total Docs', 'Total Docs-3yrs', 'Total refs', 'Total cites-3yrs', 'Citable Docs-3 yrs']",0.7212576483226139,0.5202125952638673
"['SJR', 'Total Docs', 'Total Docs-3yrs', 'Total refs', 'Total cites-3yrs', 'cites,doc 2 yrs']",0.7269155862091974,0.528406269473861
"['SJR', 'Total Docs', 'Total Docs-3yrs', 'Total refs', 'Total cites-3yrs', 'ref/docs']",0.7183932717555732,0.5160888929036769
"['SJR', 'Total Docs', 'Total Docs-3yrs', 'Total refs', 'Citable Docs-3 yrs', 'cites,doc 2 yrs']",0.7263919407091896,0.5276452515272627
"['SJR', 'Total Docs', 'Total Docs-3yrs', 'Total refs', 'Citable Docs-3 yrs', 'ref/docs']",0.7137876986264006,0.5094928787103733
"['SJR', 'Total Docs', 'Total Docs-3yrs', 'Total refs', 'cites,doc 2 yrs', 'ref/docs']",0.7244123569342662,0.5247732628790587
"['SJR', 'Total Docs', 'Total Docs-3yrs', 'Total cites-3yrs', 'Citable Docs-3 yrs', 'cites,doc 2 yrs']",0.7242254509212166,0.5245025037620396
"['SJR', 'Total Docs', 'Total Docs-3yrs', 'Total cites-3yrs', 'Citable Docs-3 yrs', 'ref/docs']",0.7112420550150218,0.5058652608219913
"['SJR', 'Total Docs', 'Total Docs-3yrs', 'Total cites-3yrs', 'cites,doc 2 yrs', 'ref/docs']",0.7234299924296449,0.5233509539467561
"['SJR', 'Total Docs', 'Total Docs-3yrs', 'Citable Docs-3 yrs', 'cites,doc 2 yrs', 'ref/docs']",0.7230999660907893,0.5228735609605006
"['SJR', 'Total Docs', 'Total refs', 'Total cites-3yrs', 'Citable Docs-3 yrs', 'cites,doc 2 yrs']",0.726536252593913,0.5278549263332061
"['SJR', 'Total Docs', 'Total refs', 'Total cites-3yrs', 'Citable Docs-3 yrs', 'ref/docs']",0.7121490485098407,0.5071562672934715
"['SJR', 'Total Docs', 'Total refs', 'Total cites-3yrs', 'cites,doc 2 yrs', 'ref/docs']",0.7252631524228427,0.5260066402623195
"['SJR', 'Total Docs', 'Total refs', 'Citable Docs-3 yrs', 'cites,doc 2 yrs', 'ref/docs']",0.7239291854121748,0.5240734654915349
"['SJR', 'Total Docs', 'Total cites-3yrs', 'Citable Docs-3 yrs', 'cites,doc 2 yrs', 'ref/docs']",0.7228180503533459,0.5224659339166121
"['SJR', 'Total Docs-3yrs', 'Total refs', 'Total cites-3yrs', 'Citable Docs-3 yrs', 'cites,doc 2 yrs']",0.7292000646088587,0.5317327342255637
"['SJR', 'Total Docs-3yrs', 'Total refs', 'Total cites-3yrs', 'Citable Docs-3 yrs', 'ref/docs']",0.7183717614446733,0.5160579876411227
"['SJR', 'Total Docs-3yrs', 'Total refs', 'Total cites-3yrs', 'cites,doc 2 yrs', 'ref/docs']",0.7259286539951996,0.5269724106912822
"['SJR', 'Total Docs-3yrs', 'Total refs', 'Citable Docs-3 yrs', 'cites,doc 2 yrs', 'ref/docs']",0.7254241816695535,0.5262402433509413
"['SJR', 'Total Docs-3yrs', 'Total cites-3yrs', 'Citable Docs-3 yrs', 'cites,doc 2 yrs', 'ref/docs']",0.725,0.525625
"['SJR', 'Total refs', 'Total cites-3yrs', 'Citable Docs-3 yrs', 'cites,doc 2 yrs', 'ref/docs']",0.7254356209091414,0.5262568400838314
"['H-index', 'Total Docs', 'Total Docs-3yrs', 'Total refs', 'Total cites-3yrs', 'Citable Docs-3 yrs']",0.6569935410139478,0.43164051293404593
"['H-index', 'Total Docs', 'Total Docs-3yrs', 'Total refs', 'Total cites-3yrs', 'cites,doc 2 yrs']",0.720181361171791,0.5186611929792536
"['H-index', 'Total Docs', 'Total Docs-3yrs', 'Total refs', 'Total cites-3yrs', 'ref/docs']",0.6717126238389912,0.4511978490246621
"['H-index', 'Total Docs', 'Total Docs-3yrs', 'Total refs', 'Citable Docs-3 yrs', 'cites,doc 2 yrs']",0.719504982350297,0.5176874196269012
"['H-index', 'Total Docs', 'Total Docs-3yrs', 'Total refs', 'Citable Docs-3 yrs', 'ref/docs']",0.6601806957715344,0.43583855106938724
"['H-index', 'Total Docs', 'Total Docs-3yrs', 'Total refs', 'cites,doc 2 yrs', 'ref/docs']",0.7241694638511519,0.5244214123744648
"['H-index', 'Total Docs', 'Total Docs-3yrs', 'Total cites-3yrs', 'Citable Docs-3 yrs', 'cites,doc 2 yrs']",0.7180858221994554,0.5156472480438679
"['H-index', 'Total Docs', 'Total Docs-3yrs', 'Total cites-3yrs', 'Citable Docs-3 yrs', 'ref/docs']",0.6771247036352439,0.4584978642731169
"['H-index', 'Total Docs', 'Total Docs-3yrs', 'Total cites-3yrs', 'cites,doc 2 yrs', 'ref/docs']",0.7232243825569078,0.5230535075248205
"['H-index', 'Total Docs', 'Total Docs-3yrs', 'Citable Docs-3 yrs', 'cites,doc 2 yrs', 'ref/docs']",0.7224953055846025,0.5219994665917882
"['H-index', 'Total Docs', 'Total refs', 'Total cites-3yrs', 'Citable Docs-3 yrs', 'cites,doc 2 yrs']",0.7195610368687766,0.5177680857796688
"['H-index', 'Total Docs', 'Total refs', 'Total cites-3yrs', 'Citable Docs-3 yrs', 'ref/docs']",0.6671808665141263,0.44513030864254044
"['H-index', 'Total Docs', 'Total refs', 'Total cites-3yrs', 'cites,doc 2 yrs', 'ref/docs']",0.7255152149507906,0.526372327125092
"['H-index', 'Total Docs', 'Total refs', 'Citable Docs-3 yrs', 'cites,doc 2 yrs', 'ref/docs']",0.7235087970899614,0.5234649794665629
"['H-index', 'Total Docs', 'Total cites-3yrs', 'Citable Docs-3 yrs', 'cites,doc 2 yrs', 'ref/docs']",0.7225069385592956,0.5220162762663257
"['H-index', 'Total Docs-3yrs', 'Total refs', 'Total cites-3yrs', 'Citable Docs-3 yrs', 'cites,doc 2 yrs']",0.7216530190167467,0.520783079855985
"['H-index', 'Total Docs-3yrs', 'Total refs', 'Total cites-3yrs', 'Citable Docs-3 yrs', 'ref/docs']",0.6726086303190199,0.4524023695796279
"['H-index', 'Total Docs-3yrs', 'Total refs', 'Total cites-3yrs', 'cites,doc 2 yrs', 'ref/docs']",0.7260201001986876,0.5271051858925123
"['H-index', 'Total Docs-3yrs', 'Total refs', 'Citable Docs-3 yrs', 'cites,doc 2 yrs', 'ref/docs']",0.7249193831938309,0.5255081121301242
"['H-index', 'Total Docs-3yrs', 'Total cites-3yrs', 'Citable Docs-3 yrs', 'cites,doc 2 yrs', 'ref/docs']",0.7250118812086508,0.5256422278937067
"['H-index', 'Total refs', 'Total cites-3yrs', 'Citable Docs-3 yrs', 'cites,doc 2 yrs', 'ref/docs']",0.7253476883154734,0.5261292689446011
"['Total Docs', 'Total Docs-3yrs', 'Total refs', 'Total cites-3yrs', 'Citable Docs-3 yrs', 'cites,doc 2 yrs']",0.7264654415825975,0.5277520378137984
"['Total Docs', 'Total Docs-3yrs', 'Total refs', 'Total cites-3yrs', 'Citable Docs-3 yrs', 'ref/docs']",0.7123065490771029,0.5073806198581312
"['Total Docs', 'Total Docs-3yrs', 'Total refs', 'Total cites-3yrs', 'cites,doc 2 yrs', 'ref/docs']",0.7243407151612435,0.5246694716403018
"['Total Docs', 'Total Docs-3yrs', 'Total refs', 'Citable Docs-3 yrs', 'cites,doc 2 yrs', 'ref/docs']",0.7238934973132622,0.524021795452426
"['Total Docs', 'Total Docs-3yrs', 'Total cites-3yrs', 'Citable Docs-3 yrs', 'cites,doc 2 yrs', 'ref/docs']",0.7229943813372044,0.5227208754451669
"['Total Docs', 'Total refs', 'Total cites-3yrs', 'Citable Docs-3 yrs', 'cites,doc 2 yrs', 'ref/docs']",0.7237059690776119,0.5237503296785653
"['Total Docs-3yrs', 'Total refs', 'Total cites-3yrs', 'Citable Docs-3 yrs', 'cites,doc 2 yrs', 'ref/docs']",0.725029410669129,0.5256676463352244
"['SJR', 'H-index', 'Total Docs', 'Total Docs-3yrs', 'Total refs', 'Total cites-3yrs', 'Citable Docs-3 yrs']",0.6569935410139478,0.43164051293404593
"['SJR', 'H-index', 'Total Docs', 'Total Docs-3yrs', 'Total refs', 'Total cites-3yrs', 'cites,doc 2 yrs']",0.720181361171791,0.5186611929792536
"['SJR', 'H-index', 'Total Docs', 'Total Docs-3yrs', 'Total refs', 'Total cites-3yrs', 'ref/docs']",0.6717126238389912,0.4511978490246621
"['SJR', 'H-index', 'Total Docs', 'Total Docs-3yrs', 'Total refs', 'Citable Docs-3 yrs', 'cites,doc 2 yrs']",0.719504982350297,0.5176874196269012
"['SJR', 'H-index', 'Total Docs', 'Total Docs-3yrs', 'Total refs', 'Citable Docs-3 yrs', 'ref/docs']",0.6601806957715344,0.43583855106938724
"['SJR', 'H-index', 'Total Docs', 'Total Docs-3yrs', 'Total refs', 'cites,doc 2 yrs', 'ref/docs']",0.7241694638511519,0.5244214123744648
"['SJR', 'H-index', 'Total Docs', 'Total Docs-3yrs', 'Total cites-3yrs', 'Citable Docs-3 yrs', 'cites,doc 2 yrs']",0.7180858221994554,0.5156472480438679
"['SJR', 'H-index', 'Total Docs', 'Total Docs-3yrs', 'Total cites-3yrs', 'Citable Docs-3 yrs', 'ref/docs']",0.6771247036352439,0.4584978642731169
"['SJR', 'H-index', 'Total Docs', 'Total Docs-3yrs', 'Total cites-3yrs', 'cites,doc 2 yrs', 'ref/docs']",0.7232243825569078,0.5230535075248205
"['SJR', 'H-index', 'Total Docs', 'Total Docs-3yrs', 'Citable Docs-3 yrs', 'cites,doc 2 yrs', 'ref/docs']",0.7224953055846025,0.5219994665917882
"['SJR', 'H-index', 'Total Docs', 'Total refs', 'Total cites-3yrs', 'Citable Docs-3 yrs', 'cites,doc 2 yrs']",0.7195610368687766,0.5177680857796688
"['SJR', 'H-index', 'Total Docs', 'Total refs', 'Total cites-3yrs', 'Citable Docs-3 yrs', 'ref/docs']",0.6671808665141263,0.44513030864254044
"['SJR', 'H-index', 'Total Docs', 'Total refs', 'Total cites-3yrs', 'cites,doc 2 yrs', 'ref/docs']",0.7255152149507906,0.526372327125092
"['SJR', 'H-index', 'Total Docs', 'Total refs', 'Citable Docs-3 yrs', 'cites,doc 2 yrs', 'ref/docs']",0.7235087970899614,0.5234649794665629
"['SJR', 'H-index', 'Total Docs', 'Total cites-3yrs', 'Citable Docs-3 yrs', 'cites,doc 2 yrs', 'ref/docs']",0.7225069385592956,0.5220162762663257
"['SJR', 'H-index', 'Total Docs-3yrs', 'Total refs', 'Total cites-3yrs', 'Citable Docs-3 yrs', 'cites,doc 2 yrs']",0.7216530190167467,0.520783079855985
"['SJR', 'H-index', 'Total Docs-3yrs', 'Total refs', 'Total cites-3yrs', 'Citable Docs-3 yrs', 'ref/docs']",0.6726086303190199,0.4524023695796279
"['SJR', 'H-index', 'Total Docs-3yrs', 'Total refs', 'Total cites-3yrs', 'cites,doc 2 yrs', 'ref/docs']",0.7260201001986876,0.5271051858925123
"['SJR', 'H-index', 'Total Docs-3yrs', 'Total refs', 'Citable Docs-3 yrs', 'cites,doc 2 yrs', 'ref/docs']",0.7249193831938309,0.5255081121301242
"['SJR', 'H-index', 'Total Docs-3yrs', 'Total cites-3yrs', 'Citable Docs-3 yrs', 'cites,doc 2 yrs', 'ref/docs']",0.7250118812086508,0.5256422278937067
"['SJR', 'H-index', 'Total refs', 'Total cites-3yrs', 'Citable Docs-3 yrs', 'cites,doc 2 yrs', 'ref/docs']",0.7253476883154734,0.5261292689446011
"['SJR', 'Total Docs', 'Total Docs-3yrs', 'Total refs', 'Total cites-3yrs', 'Citable Docs-3 yrs', 'cites,doc 2 yrs']",0.7264654415825975,0.5277520378137984
"['SJR', 'Total Docs', 'Total Docs-3yrs', 'Total refs', 'Total cites-3yrs', 'Citable Docs-3 yrs', 'ref/docs']",0.7123065490771029,0.5073806198581312
"['SJR', 'Total Docs', 'Total Docs-3yrs', 'Total refs', 'Total cites-3yrs', 'cites,doc 2 yrs', 'ref/docs']",0.7243407151612435,0.5246694716403018
"['SJR', 'Total Docs', 'Total Docs-3yrs', 'Total refs', 'Citable Docs-3 yrs', 'cites,doc 2 yrs', 'ref/docs']",0.7238934973132622,0.524021795452426
"['SJR', 'Total Docs', 'Total Docs-3yrs', 'Total cites-3yrs', 'Citable Docs-3 yrs', 'cites,doc 2 yrs', 'ref/docs']",0.7229943813372044,0.5227208754451669
"['SJR', 'Total Docs', 'Total refs', 'Total cites-3yrs', 'Citable Docs-3 yrs', 'cites,doc 2 yrs', 'ref/docs']",0.7237059690776119,0.5237503296785653
"['SJR', 'Total Docs-3yrs', 'Total refs', 'Total cites-3yrs', 'Citable Docs-3 yrs', 'cites,doc 2 yrs', 'ref/docs']",0.725029410669129,0.5256676463352244
"['H-index', 'Total Docs', 'Total Docs-3yrs', 'Total refs', 'Total cites-3yrs', 'Citable Docs-3 yrs', 'cites,doc 2 yrs']",0.7195705931814008,0.517781838571433
"['H-index', 'Total Docs', 'Total Docs-3yrs', 'Total refs', 'Total cites-3yrs', 'Citable Docs-3 yrs', 'ref/docs']",0.6698437654006745,0.4486906700461538
"['H-index', 'Total Docs', 'Total Docs-3yrs', 'Total refs', 'Total cites-3yrs', 'cites,doc 2 yrs', 'ref/docs']",0.7245097842929421,0.5249144275362055
"['H-index', 'Total Docs', 'Total Docs-3yrs', 'Total refs', 'Citable Docs-3 yrs', 'cites,doc 2 yrs', 'ref/docs']",0.7234999474928847,0.5234521740222069
"['H-index', 'Total Docs', 'Total Docs-3yrs', 'Total cites-3yrs', 'Citable Docs-3 yrs', 'cites,doc 2 yrs', 'ref/docs']",0.7228485416813374,0.5225100142108362
"['H-index', 'Total Docs', 'Total refs', 'Total cites-3yrs', 'Citable Docs-3 yrs', 'cites,doc 2 yrs', 'ref/docs']",0.7237189513563338,0.5237691205523114
"['H-index', 'Total Docs-3yrs', 'Total refs', 'Total cites-3yrs', 'Citable Docs-3 yrs', 'cites,doc 2 yrs', 'ref/docs']",0.7250607541349665,0.5257130971867664
"['Total Docs', 'Total Docs-3yrs', 'Total refs', 'Total cites-3yrs', 'Citable Docs-3 yrs', 'cites,doc 2 yrs', 'ref/docs']",0.7236341074766248,0.5236463215034914
"['SJR', 'H-index', 'Total Docs', 'Total Docs-3yrs', 'Total refs', 'Total cites-3yrs', 'Citable Docs-3 yrs', 'cites,doc 2 yrs']",0.7195705931814008,0.517781838571433
"['SJR', 'H-index', 'Total Docs', 'Total Docs-3yrs', 'Total refs', 'Total cites-3yrs', 'Citable Docs-3 yrs', 'ref/docs']",0.6698437654006745,0.4486906700461538
"['SJR', 'H-index', 'Total Docs', 'Total Docs-3yrs', 'Total refs', 'Total cites-3yrs', 'cites,doc 2 yrs', 'ref/docs']",0.7245097842929421,0.5249144275362055
"['SJR', 'H-index', 'Total Docs', 'Total Docs-3yrs', 'Total refs', 'Citable Docs-3 yrs', 'cites,doc 2 yrs', 'ref/docs']",0.7234999474928847,0.5234521740222069
"['SJR', 'H-index', 'Total Docs', 'Total Docs-3yrs', 'Total cites-3yrs', 'Citable Docs-3 yrs', 'cites,doc 2 yrs', 'ref/docs']",0.7228485416813374,0.5225100142108362
"['SJR', 'H-index', 'Total Docs', 'Total refs', 'Total cites-3yrs', 'Citable Docs-3 yrs', 'cites,doc 2 yrs', 'ref/docs']",0.7237189513563338,0.5237691205523114
"['SJR', 'H-index', 'Total Docs-3yrs', 'Total refs', 'Total cites-3yrs', 'Citable Docs-3 yrs', 'cites,doc 2 yrs', 'ref/docs']",0.7250607541349665,0.5257130971867664
"['SJR', 'Total Docs', 'Total Docs-3yrs', 'Total refs', 'Total cites-3yrs', 'Citable Docs-3 yrs', 'cites,doc 2 yrs', 'ref/docs']",0.7236341074766248,0.5236463215034914
"['H-index', 'Total Docs', 'Total Docs-3yrs', 'Total refs', 'Total cites-3yrs', 'Citable Docs-3 yrs', 'cites,doc 2 yrs', 'ref/docs']",0.7237383548070001,0.5237972062187431
